{
    "maze": "MazeF4-v0",
    "avg_knowledge": 100.0,
    "std_knowledge": 0.0,
    "avg_population": 84.36666666666666,
    "std_population": 7.788069272194858,
    "avg_numerosity": 627.3333333333334,
    "std_numerosity": 7.401459936755876,
    "avg_reliable": 63.766666666666666,
    "std_reliable": 6.371722732096292,
    "avg_mean_reliable_classifier_specificity": 0.24034604970188123,
    "std_mean_reliable_classifier_specificity": 0.01650808604306164,
    "avg_full_knowledge_first_trial_list": 100,
    "std_full_knowledge_first_trial_list": 0.0,
    "avg_full_knowledge_stable_trial_list": 396.6666666666667,
    "std_full_knowledge_stable_trial_list": 1097.4840610996662,
    "avg_full_knowledge_last_trial_list": 5000,
    "std_full_knowledge_last_trial_list": 0.0,
    "avg_old_pep_error_list": 0.06649232854662478,
    "std_old_pep_error_list": 0.01646721165401789,
    "avg_new_pep_error_list": 0.12469160024517763,
    "std_new_pep_error_list": 0.015879018267395604,
    "avg_exploit_no_rl": 8.709666666666667,
    "std_exploit_no_rl": 7.816344503813714,
    "avg_exploit_rl_start": 4.525133333333334,
    "std_exploit_rl_start": 0.08510226437821064,
    "avg_exploit_rl": 4.492266666666667,
    "std_exploit_rl": 0.08424059686944027,
    "knowledge_list": [100.0, 100.0, 100.0, 100.0, 100.0, 100.0, 100.0, 100.0, 100.0, 100.0, 100.0, 100.0, 100.0, 100.0, 100.0, 100.0, 100.0, 100.0, 100.0, 100.0, 100.0, 100.0, 100.0, 100.0, 100.0, 100.0, 100.0, 100.0, 100.0, 100.0],
    "population_list": [78, 90, 97, 81, 80, 88, 89, 82, 89, 78, 77, 74, 100, 81, 72, 80, 96, 79, 88, 80, 81, 80, 82, 76, 97, 84, 76, 85, 99, 92],
    "numerosity_list": [626, 619, 631, 620, 630, 629, 622, 613, 631, 622, 618, 617, 642, 623, 635, 635, 631, 630, 626, 631, 632, 618, 630, 617, 643, 634, 626, 624, 634, 631],
    "reliable_list": [60, 62, 75, 63, 67, 59, 69, 64, 72, 58, 61, 60, 70, 61, 57, 64, 77, 63, 66, 63, 64, 59, 63, 53, 77, 54, 54, 64, 72, 62],
    "mean_reliable_classifier_specificity_list": [0.23958333333333334, 0.23790322580645162, 0.25833333333333336, 0.2361111111111111, 0.24813432835820895, 0.2266949152542373, 0.2608695652173913, 0.248046875, 0.2795138888888889, 0.21982758620689655, 0.24795081967213115, 0.25, 0.2517857142857143, 0.22336065573770492, 0.21271929824561403, 0.244140625, 0.26461038961038963, 0.2361111111111111, 0.2518939393939394, 0.23809523809523808, 0.24609375, 0.2330508474576271, 0.2400793650793651, 0.2169811320754717, 0.25162337662337664, 0.2152777777777778, 0.21064814814814814, 0.232421875, 0.2586805555555556, 0.22983870967741934],
    "full_knowledge_first_trial_list": [100, 100, 100, 100, 100, 100, 100, 100, 100, 100, 100, 100, 100, 100, 100, 100, 100, 100, 100, 100, 100, 100, 100, 100, 100, 100, 100, 100, 100, 100],
    "full_knowledge_stable_trial_list": [100, 100, 100, 100, 100, 100, 100, 100, 100, 100, 100, 100, 100, 100, 4900, 100, 100, 100, 400, 100, 100, 100, 100, 100, 3900, 100, 100, 100, 100, 100],
    "full_knowledge_last_trial_list": [5000, 5000, 5000, 5000, 5000, 5000, 5000, 5000, 5000, 5000, 5000, 5000, 5000, 5000, 5000, 5000, 5000, 5000, 5000, 5000, 5000, 5000, 5000, 5000, 5000, 5000, 5000, 5000, 5000, 5000],
    "old_pep_error_list": [0.04953875235035776, 0.09734937940704462, 0.07968056617490915, 0.08417889854239617, 0.07349274081007137, 0.08335175191618144, 0.07959782708284535, 0.07435054337228325, 0.05449629066061307, 0.07974579236387393, 0.0636303582783471, 0.051146517233127936, 0.03489504119729828, 0.05353987710128026, 0.07977052694022396, 0.05474413947089937, 0.043903976947294726, 0.058534684456519735, 0.06758912598479229, 0.08553997687484019, 0.03182560210553984, 0.06859524423328087, 0.062444704272468704, 0.05912954760654172, 0.07389189177306622, 0.05567929235773858, 0.06799540042180861, 0.06466113993870637, 0.061633797492277584, 0.09983646903211478],
    "new_pep_error_list": [0.1213433538847531, 0.13565938376164233, 0.14545435143780086, 0.13510333398356103, 0.09956134638542895, 0.14086376611105453, 0.1169781415338231, 0.11122316455115172, 0.1160703795923627, 0.14375854874004457, 0.1396644621664341, 0.10416429543185306, 0.11197364110004401, 0.12889901796660258, 0.14186744096257536, 0.08692108802551067, 0.10033280022349442, 0.11375522628780575, 0.12099306809812828, 0.14101689897764735, 0.1253588592191478, 0.1317289236653394, 0.14059320309320308, 0.11612071688897187, 0.14640947059094944, 0.12036096652058188, 0.14132410536585083, 0.11733722875584067, 0.11018684335731023, 0.13572398067641503],
    "avg_exploit_no_rl_list": [23.468, 4.71, 20.344, 5.006, 4.452, 4.534, 22.226, 4.504, 4.432, 18.736, 4.484, 24.172, 21.702, 4.536, 4.53, 4.286, 26.688, 4.406, 4.588, 4.522, 4.524, 4.494, 4.656, 4.58, 4.306, 4.334, 4.604, 4.564, 4.364, 4.538],
    "avg_exploit_rl_start_list": [4.518, 4.518, 4.566, 4.746, 4.468, 4.584, 4.54, 4.658, 4.59, 4.492, 4.546, 4.566, 4.496, 4.48, 4.502, 4.51, 4.394, 4.642, 4.468, 4.51, 4.594, 4.534, 4.57, 4.422, 4.344, 4.586, 4.338, 4.51, 4.54, 4.522],
    "avg_exploit_rl_list": [4.57, 4.506, 4.538, 4.408, 4.714, 4.572, 4.44, 4.658, 4.462, 4.45, 4.57, 4.422, 4.472, 4.484, 4.464, 4.41, 4.442, 4.48, 4.438, 4.34, 4.45, 4.586, 4.55, 4.49, 4.568, 4.346, 4.526, 4.46, 4.548, 4.404],
    "memory_of_pai_states_list": [
        ["11011101"],
        ["11011101"],
        ["11011101"],
        ["11011101"],
        ["11011101"],
        ["11011101"],
        ["11011101"],
        ["11011101"],
        ["11011101"],
        ["11011101"],
        ["11011101"],
        ["11011101"],
        ["11011101"],
        ["11011101"],
        ["11011101"],
        ["11011101"],
        ["11011101"],
        ["11011101"],
        ["11011101"],
        ["11011101"],
        ["11011101"],
        ["11011101"],
        ["11011101"],
        ["11011101"],
        ["11011101"],
        ["11011101"],
        ["11011101"],
        ["11011101"],
        ["11011101"],
        ["11011101"]
    ],
    "memory_of_pai_states_dict": {
        "11011101": 30
    }
}